{
  "macro_f1": 0.719611472443086,
  "macro_precision": 0.7253483083704476,
  "macro_recall": 0.7153487220952351,
  "micro_f1": 0.7197943444730077,
  "per_class": {
    "0": {
      "precision": 0.7791411042944786,
      "recall": 0.8141025641025641,
      "f1": 0.7962382445141066
    },
    "1": {
      "precision": 0.6014492753623188,
      "recall": 0.6102941176470589,
      "f1": 0.6058394160583942
    },
    "2": {
      "precision": 0.7954545454545454,
      "recall": 0.7216494845360825,
      "f1": 0.7567567567567568
    }
  },
  "confusion_matrix": [
    [
      127,
      28,
      1
    ],
    [
      36,
      83,
      17
    ],
    [
      0,
      27,
      70
    ]
  ]
}